{
    "counter": {
        "ACTIVE": 18555,
        "INACTIVE": 2444,
        "INVALID": 1,
        "MALICIOUS": 0,
        "SANE": 0,
        "VALID": 0,
        "total": 21000
    },
    "percentage": {
        "ACTIVE": 88.35714285714286,
        "INACTIVE": 11.642530487804878,
        "INVALID": 0.0052515492070160695,
        "MALICIOUS": 0,
        "SANE": 0,
        "VALID": 0,
        "total": 100.00492489415475
    }
}