{
    "counter": {
        "ACTIVE": 19352,
        "INACTIVE": 1648,
        "INVALID": 0,
        "MALICIOUS": 0,
        "SANE": 0,
        "VALID": 0,
        "total": 21000
    },
    "percentage": {
        "ACTIVE": 92.15238095238095,
        "INACTIVE": 7.848366511096295,
        "INVALID": 0,
        "MALICIOUS": 0,
        "SANE": 0,
        "VALID": 0,
        "total": 100.00074746347724
    }
}