{
    "counter": {
        "ACTIVE": 18984,
        "INACTIVE": 2015,
        "INVALID": 1,
        "MALICIOUS": 0,
        "SANE": 0,
        "VALID": 0,
        "total": 21000
    },
    "percentage": {
        "ACTIVE": 90.4,
        "INACTIVE": 9.598894817073171,
        "INVALID": 0.0052515492070160695,
        "MALICIOUS": 0,
        "SANE": 0,
        "VALID": 0,
        "total": 100.0041463662802
    }
}