{
    "counter": {
        "ACTIVE": 18815,
        "INACTIVE": 2184,
        "INVALID": 1,
        "MALICIOUS": 0,
        "SANE": 0,
        "VALID": 0,
        "total": 21000
    },
    "percentage": {
        "ACTIVE": 89.5952380952381,
        "INACTIVE": 10.403963414634147,
        "INVALID": 0.0052515492070160695,
        "MALICIOUS": 0,
        "SANE": 0,
        "VALID": 0,
        "total": 100.00445305907927
    }
}