{
    "counter": {
        "ACTIVE": 19186,
        "INACTIVE": 1813,
        "INVALID": 1,
        "MALICIOUS": 0,
        "SANE": 0,
        "VALID": 0,
        "total": 21000
    },
    "percentage": {
        "ACTIVE": 91.36190476190477,
        "INACTIVE": 8.636623475609756,
        "INVALID": 0.0052515492070160695,
        "MALICIOUS": 0,
        "SANE": 0,
        "VALID": 0,
        "total": 100.00377978672154
    }
}