{
    "counter": {
        "ACTIVE": 16569,
        "INACTIVE": 4429,
        "INVALID": 2,
        "MALICIOUS": 0,
        "SANE": 0,
        "VALID": 0,
        "total": 21000
    },
    "percentage": {
        "ACTIVE": 78.9,
        "INACTIVE": 21.093489546125635,
        "INVALID": 0.016926201760324982,
        "MALICIOUS": 0,
        "SANE": 0,
        "VALID": 0,
        "total": 100.01041574788597
    }
}