{
    "counter": {
        "ACTIVE": 13527,
        "INACTIVE": 7451,
        "INVALID": 22,
        "MALICIOUS": 0,
        "SANE": 0,
        "VALID": 0,
        "total": 21000
    },
    "percentage": {
        "ACTIVE": 64.41735320729559,
        "INACTIVE": 35.48095238095238,
        "INVALID": 0.4368546465448769,
        "MALICIOUS": 0,
        "SANE": 0,
        "VALID": 0,
        "total": 100.33516023479285
    }
}